step,reward,state,action,policy_prob,behavior_prob
0,0,"[-1.         -1.          1.         -1.         -1.          1.
 -1.         -1.          1.         -0.5895896   0.6036036   0.7341747
 -0.9997103   0.15715715 -0.6176176   0.7028973  -0.99967664  0.24524525
  0.09309309  0.30325168 -0.99924    -0.8138138  -0.17917918  0.9595151
 -0.99995595  0.35335335  0.9079079   0.9680383  -0.99996495  0.5495495
 -0.33733734  0.8285086  -0.9998116  -0.4134134  -0.7937938   0.90995896
 -0.99990195 -0.26726726 -0.05505506  0.6922771  -0.9996642   0.4774775
  0.5475475   0.8861157  -0.9998761  -0.34534535  0.8038038   0.9586891
 -0.99995506  0.01301301  0.34134135  0.69028175 -0.9996624   0.8058058
 -0.07107107  0.9588128  -0.9999548  -0.5595596  -0.7057057   0.865483
 -0.99985397  0.8598599   0.5075075   0.9199482  -0.99991226  0.4994995
 -0.5115115   0.8284848  -0.9998115  -0.03703704 -0.14314315  0.38726664
 -0.9993319   0.8738739  -0.8058058   0.9832645  -0.9999814  -0.8638639
  0.7957958   0.9306881  -0.9999246  -0.3993994   0.4034034   0.6615137
 -0.9996318  -0.6136136   0.15115115  0.8620919  -0.9998495   0.3993994
 -0.7597598   0.8921628  -0.99988264 -0.14314315  0.8118118   0.97502244
 -0.9999722  -0.01701702 -0.7157157   0.9529736  -0.9999483  -0.4214214
  0.04904905  0.7210071  -0.9996955  -0.46946946 -0.5535536   0.6826656
 -0.9996548  -0.8498498  -0.7857858   0.9753393  -0.9999729  -0.04704705
 -0.9179179   0.96772367 -0.9999646  -0.6676677   0.7457457   0.82535654
 -0.9998105   0.6616617   0.21721722  0.8342534  -0.9998184   0.5075075
  0.6756757   0.94171906 -0.99993646  0.8338338  -0.5975976   0.97708696
 -0.9999747   0.36136135 -0.07107107  0.8709489  -0.99985844  0.16116115
  0.6116116   0.89774925 -0.99988806 -0.7737738  -0.43343344  0.9771622
 -0.99997497  0.01701702 -0.04904905 -0.06595355 -0.99883705  0.7637638
  0.7657658   0.96714544 -0.99996406  0.7717718   0.3773774   0.91437036
 -0.99990624  0.1891892   0.7657658   0.91167116 -0.9999035   0.07707708
 -0.33933935  0.43509492 -0.9993846  -0.25125125 -0.3173173   0.6444171
 -0.9996131  -0.2032032   0.6336336   0.8290002  -0.9998124  -0.07107107
  0.04704705 -0.20028241 -0.99868935  0.7697698  -0.3213213   0.93567437
 -0.9999291  -0.42542544 -0.3933934   0.6955411  -0.9996688  -0.7677678
  0.03103103  0.94458836 -0.99993974 -0.33133134 -0.6436436   0.82941335
 -0.99981475 -0.6236236   0.8618619   0.9529992  -0.99994904 -0.8338338
  0.5555556   0.937997   -0.9999319   0.8638639   0.24324325  0.94846356
 -0.99994326  0.5815816  -0.001001    0.89911    -0.9998893   0.11511511
 -0.7617618   0.88754815 -0.9998769  -0.25725725  0.25525525  0.2914778
 -0.9992277   0.9379379   0.997998    0.99219847 -0.99999136  0.5275275
  0.3033033   0.9572347  -0.9999533  -0.001001    0.5415415   0.7666074
 -0.9997457   0.34734735  0.3833834   0.80452025 -0.9997873  -0.08708709
 -0.45945945  0.7694588  -0.9997484  -0.7337337  -0.6316316   0.9137463
 -0.9999055   0.7137137  -0.7037037   0.88654137 -0.99987465 -0.16916917
  0.11511511  0.2889274  -0.99922484  0.7497497  -0.4894895   0.9591583
 -0.99995524 -0.7137137  -0.8898899   0.9497596  -0.9999456   0.5915916
  0.7957958   0.96253264 -0.99995905  0.4214214  -0.43743744  0.7851199
 -0.9997639   0.7297297   0.08908909  0.97793764 -0.99997556 -0.6956957
  0.2972973   0.91883916 -0.99991155 -0.9319319  -0.22722723  0.992918
 -0.9999924   0.37137136  0.17117117  0.69404846 -0.99966526 -0.5635636
 -0.01101101  0.9137183  -0.99990594 -0.6376376  -0.2092092   0.95179397
 -0.9999476  -0.5315315   0.47147146  0.7173686  -0.999692    0.5315315
 -0.9379379   0.99133533 -0.9999902   0.9339339  -0.09309309  0.99123776
 -0.9999904   0.13513513 -0.06106106  0.2531199  -0.99917936 -0.45945945
  0.22122122  0.8827796  -0.9998716  -0.3913914   0.6556557   0.9765046
 -0.9999739   0.03303303  0.13513513  0.68492377 -0.9996565   0.5915916
 -0.6376376   0.85884786 -0.99984413  0.36536536 -0.21921922  0.70552117
 -0.99967647 -0.983984    0.07107107  0.9754717  -0.99997365 -1.
 -1.         -1.         -1.        ]",11,0.012159709,0.011712867
1,-0.2891748642650176,"[ 0.78916556 -0.07963103  0.99196    -0.07107107  0.04704705  0.9576285
 -0.16916917  0.11511511  0.992      -0.5895896   0.6036036   0.67859286
 -0.99971205  0.15715715 -0.6176176   0.64007246 -0.9996713   0.24524525
  0.09309309  0.15946257 -0.999235   -0.8138138  -0.17917918  0.95210415
 -0.99995434  0.35335335  0.9079079   0.9623635  -0.99996376  0.5495495
 -0.33733734  0.79466605 -0.9998181  -0.4134134  -0.7937938   0.89137655
 -0.99989754 -0.26726726 -0.05505506  0.63802487 -0.9996651   0.4774775
  0.5475475   0.86340415 -0.9998752  -0.34534535  0.8038038   0.95161873
 -0.99995774  0.01301301  0.34134135  0.6322023  -0.9996694   0.8058058
 -0.07107107  0.95156115 -0.9999577  -0.5595596  -0.7057057   0.83828527
 -0.99985975  0.8598599   0.5075075   0.9037456  -0.999911    0.4994995
 -0.5115115   0.79352444 -0.9998158  -0.03703704 -0.14314315  0.28426057
 -0.9993249   0.8738739  -0.8058058   0.98049927 -0.99998087 -0.8638639
  0.7957958   0.91678256 -0.99992007 -0.3993994   0.4034034   0.59230685
 -0.999639   -0.6136136   0.15115115  0.83622754 -0.9998556   0.3993994
 -0.7597598   0.8701696  -0.9998864  -0.14314315  0.8118118   0.97124547
 -0.99997246 -0.01701702 -0.7157157   0.94442916 -0.99994427 -0.4214214
  0.04904905  0.66780955 -0.9996974  -0.46946946 -0.5535536   0.6158617
 -0.99966836 -0.8498498  -0.7857858   0.97130895 -0.99997485 -0.04704705
 -0.9179179   0.9621121  -0.9999624  -0.6676677   0.7457457   0.7893561
 -0.999818    0.6616617   0.21721722  0.800152   -0.9998151   0.5075075
  0.6756757   0.9313728  -0.99994105  0.8338338  -0.5975976   0.9736544
 -0.99997544  0.36136135 -0.07107107  0.8513106  -0.99986106  0.16116115
  0.6116116   0.87843376 -0.9998871  -0.7737738  -0.43343344  0.9738003
 -0.9999739   0.01701702 -0.04904905 -0.03504167 -0.9988039   0.7637638
  0.7657658   0.9607901  -0.99995995  0.7717718   0.3773774   0.8970177
 -0.9999033   0.1891892   0.7657658   0.89463747 -0.9999014   0.07707708
 -0.33933935  0.3200908  -0.99936724 -0.25125125 -0.3173173   0.575444
 -0.9996268  -0.2032032   0.6336336   0.7949545  -0.99982107 -0.07107107
  0.04704705 -0.30837697 -0.99861026  0.7697698  -0.3213213   0.92330223
 -0.9999319  -0.42542544 -0.3933934   0.63277745 -0.9996811  -0.7677678
  0.03103103  0.93504715 -0.99994427 -0.33133134 -0.6436436   0.7944459
 -0.9998176  -0.6236236   0.8618619   0.94424564 -0.99995464 -0.8338338
  0.5555556   0.9254578  -0.9999281   0.8638639   0.24324325  0.93852365
 -0.9999436   0.5815816  -0.001001    0.880683   -0.99989104  0.11511511
 -0.7617618   0.8644756  -0.9998693  -0.25725725  0.25525525  0.14522214
 -0.99923015  0.9379379   0.997998    0.9912623  -0.9999918   0.5275275
  0.3033033   0.9504974  -0.99995553 -0.001001    0.5415415   0.7187798
 -0.99974525  0.34734735  0.3833834   0.76525253 -0.9997854  -0.08708709
 -0.45945945  0.72356313 -0.9997362  -0.7337337  -0.6316316   0.8960148
 -0.99991363  0.7137137  -0.7037037   0.86296636 -0.9998762  -0.16916917
  0.11511511  0.1550285  -0.99922574  0.7497497  -0.4894895   0.9521669
 -0.99995667 -0.7137137  -0.8898899   0.94008005 -0.99994534  0.5915916
  0.7957958   0.95568705 -0.9999582   0.4214214  -0.43743744  0.74163246
 -0.9997698   0.7297297   0.08908909  0.9752533  -0.99997574 -0.6956957
  0.2972973   0.90297425 -0.99990946 -0.9319319  -0.22722723  0.99237835
 -0.99999017  0.37137136  0.17117117  0.6324279  -0.9996636  -0.5635636
 -0.01101101  0.89837    -0.9999033  -0.6376376  -0.2092092   0.9437817
 -0.99994665 -0.5315315   0.47147146  0.6587973  -0.99969536  0.5315315
 -0.9379379   0.9904386  -0.9999899   0.9339339  -0.09309309  0.990693
 -0.99999017  0.13513513 -0.06106106  0.13679224 -0.99918395 -0.45945945
  0.22122122  0.86052924 -0.99986947 -0.3913914   0.6556557   0.9733939
 -0.9999728   0.03303303  0.13513513  0.6343334  -0.99966407  0.5915916
 -0.6376376   0.8296638  -0.99984485  0.36536536 -0.21921922  0.64964116
 -0.99968475 -0.983984    0.07107107  0.9714213  -0.99997324 -1.
 -1.         -1.         -1.        ]",41,0.012519819,0.9980222
2,-0.21124703843583517,"[-0.07107107  0.04704705  0.9833281  -0.07107107  0.04704705  0.9274432
 -0.07107107  0.04704705  0.9480481  -0.5895896   0.6036036   0.65585244
 -0.9997143   0.15715715 -0.6176176   0.61443025 -0.9996684   0.24524525
  0.09309309  0.1095255  -0.9992255  -0.8138138  -0.17917918  0.9524285
 -0.999959    0.35335335  0.9079079   0.96231633 -0.99996287  0.5495495
 -0.33733734  0.7827236  -0.99981093 -0.4134134  -0.7937938   0.8861559
 -0.9999014  -0.26726726 -0.05505506  0.64827305 -0.99967486  0.4774775
  0.5475475   0.8565269  -0.9998841  -0.34534535  0.8038038   0.9522105
 -0.999953    0.01301301  0.34134135  0.6282178  -0.9996664   0.8058058
 -0.07107107  0.95099425 -0.9999532  -0.5595596  -0.7057057   0.82817376
 -0.9998535   0.8598599   0.5075075   0.8978637  -0.9999212   0.4994995
 -0.5115115   0.7809311  -0.99981713 -0.03703704 -0.14314315  0.25974214
 -0.9993239   0.8738739  -0.8058058   0.98070633 -0.9999832  -0.8638639
  0.7957958   0.91179293 -0.9999291  -0.3993994   0.4034034   0.56921524
 -0.9996331  -0.6136136   0.15115115  0.83113474 -0.9998522   0.3993994
 -0.7597598   0.86193335 -0.9998846  -0.14314315  0.8118118   0.97305524
 -0.99996954 -0.01701702 -0.7157157   0.94349337 -0.99994934 -0.4214214
  0.04904905  0.66335744 -0.9997041  -0.46946946 -0.5535536   0.5891541
 -0.9996464  -0.8498498  -0.7857858   0.9710594  -0.9999728  -0.04704705
 -0.9179179   0.9620341  -0.99996585 -0.6676677   0.7457457   0.7744246
 -0.9998082   0.6616617   0.21721722  0.7879555  -0.9998238   0.5075075
  0.6756757   0.9295484  -0.9999408   0.8338338  -0.5975976   0.9737744
 -0.9999771   0.36136135 -0.07107107  0.8530209  -0.99986243  0.16116115
  0.6116116   0.875147   -0.9998851  -0.7737738  -0.43343344  0.97583497
 -0.99997526  0.01701702 -0.04904905 -0.05324116 -0.9988039   0.7637638
  0.7657658   0.9598759  -0.99996746  0.7717718   0.3773774   0.8912639
 -0.999913    0.1891892   0.7657658   0.8908845  -0.9999014   0.07707708
 -0.33933935  0.27769607 -0.999374   -0.25125125 -0.3173173   0.5578243
 -0.99960274 -0.2032032   0.6336336   0.7846542  -0.9998011  -0.07107107
  0.04704705  0.5098976  -0.9986478   0.7697698  -0.3213213   0.92020404
 -0.99992263 -0.42542544 -0.3933934   0.61018246 -0.9996608  -0.7677678
  0.03103103  0.9358325  -0.9999414  -0.33133134 -0.6436436   0.7815048
 -0.99981195 -0.6236236   0.8618619   0.94244695 -0.99994594 -0.8338338
  0.5555556   0.9222995  -0.99993753  0.8638639   0.24324325  0.936158
 -0.99994254  0.5815816  -0.001001    0.8778555  -0.99989074  0.11511511
 -0.7617618   0.85711026 -0.999871   -0.25725725  0.25525525  0.10741238
 -0.9992219   0.9379379   0.997998    0.99203277 -0.9999935   0.5275275
  0.3033033   0.95256454 -0.9999499  -0.001001    0.5415415   0.7037076
 -0.9997441   0.34734735  0.3833834   0.7552968  -0.99978435 -0.08708709
 -0.45945945  0.7111219  -0.9997447  -0.7337337  -0.6316316   0.8911395
 -0.9999009   0.7137137  -0.7037037   0.8543041  -0.9998762  -0.16916917
  0.11511511  0.17904402 -0.9992183   0.7497497  -0.4894895   0.9511663
 -0.999956   -0.7137137  -0.8898899   0.93743426 -0.9999483   0.5915916
  0.7957958   0.95484185 -0.99996364  0.4214214  -0.43743744  0.72610694
 -0.9997704   0.7297297   0.08908909  0.9774591  -0.9999733  -0.6956957
  0.2972973   0.90110636 -0.99990994 -0.9319319  -0.22722723  0.99510604
 -0.99999094  0.37137136  0.17117117  0.61258876 -0.9996649  -0.5635636
 -0.01101101  0.900152   -0.9999161  -0.6376376  -0.2092092   0.9456539
 -0.99995124 -0.5315315   0.47147146  0.63653076 -0.9996935   0.5315315
 -0.9379379   0.99168336 -0.99998933  0.9339339  -0.09309309  0.99255794
 -0.9999905   0.13513513 -0.06106106  0.10672571 -0.99919456 -0.45945945
  0.22122122  0.8623132  -0.99986583 -0.3913914   0.6556557   0.9773593
 -0.99997216  0.03303303  0.13513513  0.6569282  -0.99965924  0.5915916
 -0.6376376   0.81873    -0.9998455   0.36536536 -0.21921922  0.6315694
 -0.9996801  -0.983984    0.07107107  0.97222936 -0.9999756  -1.
 -1.         -1.         -1.        ]",80,0.012438606,0.9960525
3,-0.25010953441749884,"[-0.07107107  0.04704705  0.9833281  -0.07107107  0.04704705  0.9274432
 -0.07107107  0.04704705  0.9480481  -0.5895896   0.6036036   0.61988616
 -0.99971455  0.15715715 -0.6176176   0.5737409  -0.99967384  0.24524525
  0.09309309  0.01263464 -0.9992366  -0.8138138  -0.17917918  0.94649255
 -0.9999528   0.35335335  0.9079079   0.95778424 -0.99996394  0.5495495
 -0.33733734  0.7582024  -0.99980974 -0.4134134  -0.7937938   0.87369126
 -0.9999038  -0.26726726 -0.05505506  0.60626674 -0.99966663  0.4774775
  0.5475475   0.8413242  -0.9998793  -0.34534535  0.8038038   0.94648486
 -0.9999554   0.01301301  0.34134135  0.5846409  -0.99965495  0.8058058
 -0.07107107  0.9453367  -0.9999554  -0.5595596  -0.7057057   0.80986375
 -0.9998559   0.8598599   0.5075075   0.8867911  -0.99991065  0.4994995
 -0.5115115   0.7580654  -0.9998201  -0.03703704 -0.14314315  0.1751654
 -0.99933153  0.8738739  -0.8058058   0.9783409  -0.9999813  -0.8638639
  0.7957958   0.90260863 -0.999925   -0.3993994   0.4034034   0.52265537
 -0.9996361  -0.6136136   0.15115115  0.8128339  -0.9998542   0.3993994
 -0.7597598   0.84712565 -0.9998806  -0.14314315  0.8118118   0.96973515
 -0.9999725  -0.01701702 -0.7157157   0.9372983  -0.99994904 -0.4214214
  0.04904905  0.6253076  -0.9996978  -0.46946946 -0.5535536   0.5457927
 -0.9996606  -0.8498498  -0.7857858   0.9680326  -0.99997455 -0.04704705
 -0.9179179   0.95790946 -0.99996567 -0.6676677   0.7457457   0.7512469
 -0.9998134   0.6616617   0.21721722  0.76473916 -0.9998131   0.5075075
  0.6756757   0.92172545 -0.99993694  0.8338338  -0.5975976   0.970617
 -0.9999752   0.36136135 -0.07107107  0.83532065 -0.9998596   0.16116115
  0.6116116   0.86080486 -0.99988633 -0.7737738  -0.43343344  0.97278
 -0.99997646  0.01701702 -0.04904905 -0.20035036 -0.9988384   0.7637638
  0.7657658   0.9553728  -0.9999638   0.7717718   0.3773774   0.87928915
 -0.9999037   0.1891892   0.7657658   0.87845147 -0.999902    0.07707708
 -0.33933935  0.19966105 -0.9993805  -0.25125125 -0.3173173   0.50905704
 -0.9996182  -0.2032032   0.6336336   0.76108235 -0.9998111  -0.07107107
  0.04704705  0.3435893  -0.9986929   0.7697698  -0.3213213   0.91094446
 -0.9999287  -0.42542544 -0.3933934   0.5685942  -0.9996738  -0.7677678
  0.03103103  0.92842555 -0.999941   -0.33133134 -0.6436436   0.7581082
 -0.9998167  -0.6236236   0.8618619   0.9360264  -0.999949   -0.8338338
  0.5555556   0.9135587  -0.99993265  0.8638639   0.24324325  0.92890257
 -0.9999414   0.5815816  -0.001001    0.86410224 -0.9998901   0.11511511
 -0.7617618   0.8415784  -0.999877   -0.25725725  0.25525525  0.00909397
 -0.9992306   0.9379379   0.997998    0.9909655  -0.99999136  0.5275275
  0.3033033   0.946254   -0.999951   -0.001001    0.5415415   0.67017317
 -0.99973494  0.34734735  0.3833834   0.72867954 -0.9997907  -0.08708709
 -0.45945945  0.678665   -0.99974644 -0.7337337  -0.6316316   0.8793529
 -0.9999088   0.7137137  -0.7037037   0.8392477  -0.9998819  -0.16916917
  0.11511511  0.08037623 -0.99922806  0.7497497  -0.4894895   0.94545394
 -0.99995553 -0.7137137  -0.8898899   0.93062806 -0.9999464   0.5915916
  0.7957958   0.9498316  -0.99996024  0.4214214  -0.43743744  0.6975337
 -0.99977523  0.7297297   0.08908909  0.974176   -0.99997425 -0.6956957
  0.2972973   0.88993675 -0.99991065 -0.9319319  -0.22722723  0.99406415
 -0.9999913   0.37137136  0.17117117  0.5689961  -0.99965674 -0.5635636
 -0.01101101  0.8881256  -0.99990445 -0.6376376  -0.2092092   0.93865156
 -0.9999445  -0.5315315   0.47147146  0.59822273 -0.99969655  0.5315315
 -0.9379379   0.9904983  -0.9999901   0.9339339  -0.09309309  0.9913107
 -0.9999902   0.13513513 -0.06106106  0.00198215 -0.9991853  -0.45945945
  0.22122122  0.8461995  -0.9998716  -0.3913914   0.6556557   0.97402805
 -0.9999733   0.03303303  0.13513513  0.6126222  -0.9996493   0.5915916
 -0.6376376   0.7997948  -0.9998512   0.36536536 -0.21921922  0.58938193
 -0.9996729  -0.983984    0.07107107  0.9689067  -0.9999728  -1.
 -1.         -1.         -1.        ]",34,0.011852623,0.99408084
4,-0.20226506175226,"[ 0.01701702 -0.04904905  0.9633233   0.01701702 -0.04904905  0.90712595
  0.01701702 -0.04904905  0.92807996 -0.5895896   0.6036036   0.610319
 -0.99971455  0.15715715 -0.6176176   0.5667587  -0.99967384  0.24524525
  0.09309309  0.0026851  -0.9992366  -0.8138138  -0.17917918  0.9475834
 -0.9999528   0.35335335  0.9079079   0.95854926 -0.99996394  0.5495495
 -0.33733734  0.7562059  -0.99980974 -0.4134134  -0.7937938   0.87256753
 -0.9999038  -0.26726726 -0.05505506  0.6106111  -0.99966663  0.4774775
  0.5475475   0.8396909  -0.9998793  -0.34534535  0.8038038   0.94736725
 -0.9999554   0.01301301  0.34134135  0.58549976 -0.99965495  0.8058058
 -0.07107107  0.946707   -0.9999554  -0.5595596  -0.7057057   0.80647576
 -0.9998559   0.8598599   0.5075075   0.8851801  -0.99991065  0.4994995
 -0.5115115   0.75524366 -0.9998201  -0.03703704 -0.14314315  0.22387025
 -0.99933153  0.8738739  -0.8058058   0.97949505 -0.9999813  -0.8638639
  0.7957958   0.90122753 -0.999925   -0.3993994   0.4034034   0.51216096
 -0.9996361  -0.6136136   0.15115115  0.81098014 -0.9998542   0.3993994
 -0.7597598   0.8457961  -0.9998806  -0.14314315  0.8118118   0.9712751
 -0.9999725  -0.01701702 -0.7157157   0.9391653  -0.99994904 -0.4214214
  0.04904905  0.6232581  -0.9996978  -0.46946946 -0.5535536   0.5354603
 -0.9996606  -0.8498498  -0.7857858   0.9686138  -0.99997455 -0.04704705
 -0.9179179   0.95962566 -0.99996567 -0.6676677   0.7457457   0.7453088
 -0.9998134   0.6616617   0.21721722  0.7606678  -0.9998131   0.5075075
  0.6756757   0.9222103  -0.99993694  0.8338338  -0.5975976   0.9718896
 -0.9999752   0.36136135 -0.07107107  0.8479062  -0.9998596   0.16116115
  0.6116116   0.86068434 -0.99988633 -0.7737738  -0.43343344  0.9748864
 -0.99997646  0.01701702 -0.04904905  0.4685506  -0.9989457   0.7637638
  0.7657658   0.9560422  -0.9999638   0.7717718   0.3773774   0.87819713
 -0.9999037   0.1891892   0.7657658   0.87768966 -0.999902    0.07707708
 -0.33933935  0.197111   -0.9993805  -0.25125125 -0.3173173   0.5094725
 -0.9996182  -0.2032032   0.6336336   0.75722057 -0.9998111  -0.07107107
  0.04704705  0.35688087 -0.9986929   0.7697698  -0.3213213   0.91117364
 -0.9999287  -0.42542544 -0.3933934   0.56095904 -0.9996738  -0.7677678
  0.03103103  0.9296573  -0.999941   -0.33133134 -0.6436436   0.7537475
 -0.9998167  -0.6236236   0.8618619   0.93568605 -0.999949   -0.8338338
  0.5555556   0.9123965  -0.99993265  0.8638639   0.24324325  0.92912465
 -0.9999414   0.5815816  -0.001001    0.86704713 -0.9998901   0.11511511
 -0.7617618   0.8408449  -0.999877   -0.25725725  0.25525525 -0.01119848
 -0.9992306   0.9379379   0.997998    0.9917873  -0.99999136  0.5275275
  0.3033033   0.94978523 -0.999951   -0.001001    0.5415415   0.6648614
 -0.99973494  0.34734735  0.3833834   0.72717875 -0.9997907  -0.08708709
 -0.45945945  0.68014586 -0.99974644 -0.7337337  -0.6316316   0.87820315
 -0.9999088   0.7137137  -0.7037037   0.83688104 -0.9998819  -0.16916917
  0.11511511  0.07247781 -0.99922806  0.7497497  -0.4894895   0.94657296
 -0.99995553 -0.7137137  -0.8898899   0.9303109  -0.9999464   0.5915916
  0.7957958   0.9501318  -0.99996024  0.4214214  -0.43743744  0.69455904
 -0.99977523  0.7297297   0.08908909  0.9773895  -0.99997425 -0.6956957
  0.2972973   0.88992894 -0.99991065 -0.9319319  -0.22722723  0.99606997
 -0.9999913   0.37137136  0.17117117  0.5662076  -0.99965674 -0.5635636
 -0.01101101  0.8901286  -0.99990445 -0.6376376  -0.2092092   0.94072735
 -0.9999445  -0.5315315   0.47147146  0.588843   -0.99969655  0.5315315
 -0.9379379   0.9922177  -0.9999901   0.9339339  -0.09309309  0.9933567
 -0.9999902   0.13513513 -0.06106106  0.0801785  -0.9991853  -0.45945945
  0.22122122  0.8475302  -0.9998716  -0.3913914   0.6556557   0.9765469
 -0.9999733   0.03303303  0.13513513  0.6275029  -0.9996493   0.5915916
 -0.6376376   0.7968953  -0.9998512   0.36536536 -0.21921922  0.59127814
 -0.9996729  -0.983984    0.07107107  0.9700388  -0.9999728  -1.
 -1.         -1.         -1.        ]",80,0.012273812,0.9921206
5,-0.22694028881081552,"[ 0.01701702 -0.04904905  0.9633233   0.01701702 -0.04904905  0.90712595
  0.01701702 -0.04904905  0.92807996 -0.5895896   0.6036036   0.5709092
 -0.99971455  0.15715715 -0.6176176   0.5219694  -0.99967384  0.24524525
  0.09309309 -0.10271935 -0.9992366  -0.8138138  -0.17917918  0.9412066
 -0.9999528   0.35335335  0.9079079   0.95323706 -0.99996394  0.5495495
 -0.33733734  0.73036915 -0.99980974 -0.4134134  -0.7937938   0.8585071
 -0.9999038  -0.26726726 -0.05505506  0.56330246 -0.99966663  0.4774775
  0.5475475   0.82295394 -0.9998793  -0.34534535  0.8038038   0.9410033
 -0.9999554   0.01301301  0.34134135  0.5369709  -0.99965495  0.8058058
 -0.07107107  0.94036716 -0.9999554  -0.5595596  -0.7057057   0.78696984
 -0.9998559   0.8598599   0.5075075   0.87306684 -0.99991065  0.4994995
 -0.5115115   0.728709   -0.9998201  -0.03703704 -0.14314315  0.13125573
 -0.99933153  0.8738739  -0.8058058   0.97724783 -0.9999813  -0.8638639
  0.7957958   0.89160305 -0.999925   -0.3993994   0.4034034   0.46157306
 -0.9996361  -0.6136136   0.15115115  0.79033625 -0.9998542   0.3993994
 -0.7597598   0.83022463 -0.9998806  -0.14314315  0.8118118   0.96763
 -0.9999725  -0.01701702 -0.7157157   0.9319277  -0.99994904 -0.4214214
  0.04904905  0.58035827 -0.9996978  -0.46946946 -0.5535536   0.48857328
 -0.9996606  -0.8498498  -0.7857858   0.9651564  -0.99997455 -0.04704705
 -0.9179179   0.9547252  -0.99996567 -0.6676677   0.7457457   0.71974546
 -0.9998134   0.6616617   0.21721722  0.73583937 -0.9998131   0.5075075
  0.6756757   0.91343814 -0.99993694  0.8338338  -0.5975976   0.9684817
 -0.9999752   0.36136135 -0.07107107  0.82850164 -0.9998596   0.16116115
  0.6116116   0.84443676 -0.99988633 -0.7737738  -0.43343344  0.9716067
 -0.99997646  0.01701702 -0.04904905  0.30707654 -0.9989457   0.7637638
  0.7657658   0.95109475 -0.9999638   0.7717718   0.3773774   0.8652933
 -0.9999037   0.1891892   0.7657658   0.8636349  -0.999902    0.07707708
 -0.33933935  0.1113438  -0.9993805  -0.25125125 -0.3173173   0.4571104
 -0.9996182  -0.2032032   0.6336336   0.7312238  -0.9998111  -0.07107107
  0.04704705  0.1742903  -0.9986929   0.7697698  -0.3213213   0.90158826
 -0.9999287  -0.42542544 -0.3933934   0.51608276 -0.9996738  -0.7677678
  0.03103103  0.92150384 -0.999941   -0.33133134 -0.6436436   0.7289444
 -0.9998167  -0.6236236   0.8618619   0.92823786 -0.999949   -0.8338338
  0.5555556   0.90292263 -0.99993265  0.8638639   0.24324325  0.9212213
 -0.9999414   0.5815816  -0.001001    0.851708   -0.9998901   0.11511511
 -0.7617618   0.8233753  -0.999877   -0.25725725  0.25525525 -0.11871091
 -0.9992306   0.9379379   0.997998    0.9905698  -0.99999136  0.5275275
  0.3033033   0.943214   -0.999951   -0.001001    0.5415415   0.62797976
 -0.99973494  0.34734735  0.3833834   0.6979492  -0.9997907  -0.08708709
 -0.45945945  0.64512205 -0.99974644 -0.7337337  -0.6316316   0.8651233
 -0.9999088   0.7137137  -0.7037037   0.8197866  -0.9998819  -0.16916917
  0.11511511 -0.03536979 -0.99922806  0.7497497  -0.4894895   0.9404294
 -0.99995553 -0.7137137  -0.8898899   0.92321795 -0.9999464   0.5915916
  0.7957958   0.9447063  -0.99996024  0.4214214  -0.43743744  0.66124845
 -0.99977523  0.7297297   0.08908909  0.9741212  -0.99997425 -0.6956957
  0.2972973   0.87752634 -0.99991065 -0.9319319  -0.22722723  0.99488306
 -0.9999913   0.37137136  0.17117117  0.5196959  -0.99965674 -0.5635636
 -0.01101101  0.87661016 -0.99990445 -0.6376376  -0.2092092   0.93317527
 -0.9999445  -0.5315315   0.47147146  0.54695576 -0.99969655  0.5315315
 -0.9379379   0.99094033 -0.9999901   0.9339339  -0.09309309  0.9919674
 -0.9999902   0.13513513 -0.06106106 -0.03437421 -0.9991853  -0.45945945
  0.22122122  0.82940763 -0.9998716  -0.3913914   0.6556557   0.9729514
 -0.9999733   0.03303303  0.13513513  0.57807845 -0.9996493   0.5915916
 -0.6376376   0.7754004  -0.9998512   0.36536536 -0.21921922  0.5467684
 -0.9996729  -0.983984    0.07107107  0.96651506 -0.9999728  -1.
 -1.         -1.         -1.        ]",80,0.012030757,0.99015856
6,-0.25022350936288673,"[ 0.01701702 -0.04904905  0.9633233   0.01701702 -0.04904905  0.90712595
  0.01701702 -0.04904905  0.92807996 -0.5895896   0.6036036   0.5394923
 -0.99971473  0.15715715 -0.6176176   0.48762244 -0.99968153  0.24524525
  0.09309309 -0.1858896  -0.9992388  -0.8138138  -0.17917918  0.93607575
 -0.9999534   0.35335335  0.9079079   0.94961476 -0.9999639   0.5495495
 -0.33733734  0.7104462  -0.9998143  -0.4134134  -0.7937938   0.8476363
 -0.9998997  -0.26726726 -0.05505506  0.5261896  -0.9996587   0.4774775
  0.5475475   0.80973834 -0.99987924 -0.34534535  0.8038038   0.93612105
 -0.9999548   0.01301301  0.34134135  0.5003747  -0.99965733  0.8058058
 -0.07107107  0.93547416 -0.9999541  -0.5595596  -0.7057057   0.77071345
 -0.9998556   0.8598599   0.5075075   0.86358434 -0.9999127   0.4994995
 -0.5115115   0.7081887  -0.99981236 -0.03703704 -0.14314315  0.0591923
 -0.99933606  0.8738739  -0.8058058   0.9752668  -0.9999829  -0.8638639
  0.7957958   0.88333046 -0.99992853 -0.3993994   0.4034034   0.42137277
 -0.99963343 -0.6136136   0.15115115  0.7735272  -0.999848    0.3993994
 -0.7597598   0.8180522  -0.9998882  -0.14314315  0.8118118   0.96477216
 -0.9999736  -0.01701702 -0.7157157   0.9265103  -0.99994916 -0.4214214
  0.04904905  0.5466373  -0.99969053 -0.46946946 -0.5535536   0.45086896
 -0.9996595  -0.8498498  -0.7857858   0.96220744 -0.9999737  -0.04704705
 -0.9179179   0.9511099  -0.99996567 -0.6676677   0.7457457   0.69907784
 -0.999814    0.6616617   0.21721722  0.71631646 -0.99981797  0.5075075
  0.6756757   0.9066677  -0.9999379   0.8338338  -0.5975976   0.9657417
 -0.99997514  0.36136135 -0.07107107  0.81294054 -0.99985784  0.16116115
  0.6116116   0.83267325 -0.99988645 -0.7737738  -0.43343344  0.96911997
 -0.999977    0.01701702 -0.04904905  0.18073958 -0.99883723  0.7637638
  0.7657658   0.94748044 -0.999966    0.7717718   0.3773774   0.8551251
 -0.99990696  0.1891892   0.7657658   0.8535803  -0.99990225  0.07707708
 -0.33933935  0.04475011 -0.99938625 -0.25125125 -0.3173173   0.41536564
 -0.99962074 -0.2032032   0.6336336   0.7107288  -0.9998121  -0.07107107
  0.04704705  0.03222146 -0.9986884   0.7697698  -0.3213213   0.8942453
 -0.99993074 -0.42542544 -0.3933934   0.4801677  -0.99967426 -0.7677678
  0.03103103  0.9144014  -0.9999384  -0.33133134 -0.6436436   0.70826924
 -0.99981636 -0.6236236   0.8618619   0.92271805 -0.99994785 -0.8338338
  0.5555556   0.89564806 -0.9999321   0.8638639   0.24324325  0.9151041
 -0.9999427   0.5815816  -0.001001    0.8396247  -0.9998886   0.11511511
 -0.7617618   0.809928   -0.9998762  -0.25725725  0.25525525 -0.20071459
 -0.9992354   0.9379379   0.997998    0.98956263 -0.999991    0.5275275
  0.3033033   0.9378944  -0.9999523  -0.001001    0.5415415   0.6000863
 -0.9997388   0.34734735  0.3833834   0.67496365 -0.9997895  -0.08708709
 -0.45945945  0.6173162  -0.999746   -0.7337337  -0.6316316   0.8550821
 -0.9999074   0.7137137  -0.7037037   0.8063625  -0.99987864 -0.16916917
  0.11511511 -0.11780459 -0.99923193  0.7497497  -0.4894895   0.93558234
 -0.99995536 -0.7137137  -0.8898899   0.9173105  -0.9999477   0.5915916
  0.7957958   0.9401667  -0.99995935  0.4214214  -0.43743744  0.63550574
 -0.9997646   0.7297297   0.08908909  0.9713385  -0.9999756  -0.6956957
  0.2972973   0.8687986  -0.9999144  -0.9319319  -0.22722723  0.99401265
 -0.9999915   0.37137136  0.17117117  0.4832883  -0.99966484 -0.5635636
 -0.01101101  0.8659106  -0.9999023  -0.6376376  -0.2092092   0.9270989
 -0.999945   -0.5315315   0.47147146  0.5136615  -0.999697    0.5315315
 -0.9379379   0.9899246  -0.99999064  0.9339339  -0.09309309  0.99102014
 -0.99999     0.13513513 -0.06106106 -0.122886   -0.9991835  -0.45945945
  0.22122122  0.8165108  -0.99987435 -0.3913914   0.6556557   0.970143
 -0.9999742   0.03303303  0.13513513  0.54076266 -0.99965084  0.5915916
 -0.6376376   0.7585019  -0.9998472   0.36536536 -0.21921922  0.5121729
 -0.99968034 -0.983984    0.07107107  0.96317995 -0.9999727  -1.
 -1.         -1.         -1.        ]",51,0.012134957,0.9881963
7,-0.27146392145120546,"[-0.25725725  0.25525525  0.92141634 -0.25725725  0.25525525  0.8640259
 -0.25725725  0.25525525  0.88624686 -0.5895896   0.6036036   0.5267047
 -0.99970174  0.15715715 -0.6176176   0.45444873 -0.99968135  0.24524525
  0.09309309 -0.26325384 -0.99922496 -0.8138138  -0.17917918  0.94363153
 -0.99995637  0.35335335  0.9079079   0.9536409  -0.99996346  0.5495495
 -0.33733734  0.69292045 -0.99981606 -0.4134134  -0.7937938   0.840869
 -0.9998996  -0.26726726 -0.05505506  0.5512789  -0.999668    0.4774775
  0.5475475   0.80244297 -0.9998706  -0.34534535  0.8038038   0.95187974
 -0.9999536   0.01301301  0.34134135  0.5068419  -0.9996428   0.8058058
 -0.07107107  0.9351504  -0.9999576  -0.5595596  -0.7057057   0.75836986
 -0.9998549   0.8598599   0.5075075   0.8578245  -0.9999144   0.4994995
 -0.5115115   0.68965614 -0.99981123 -0.03703704 -0.14314315 -0.00215702
 -0.99934065  0.8738739  -0.8058058   0.9759279  -0.999982   -0.8638639
  0.7957958   0.88325185 -0.9999288  -0.3993994   0.4034034   0.48125902
 -0.9996205  -0.6136136   0.15115115  0.79203486 -0.999855    0.3993994
 -0.7597598   0.80818415 -0.9998865  -0.14314315  0.8118118   0.97933495
 -0.9999739  -0.01701702 -0.7157157   0.92561764 -0.99994975 -0.4214214
  0.04904905  0.59248376 -0.9996991  -0.46946946 -0.5535536   0.41586939
 -0.9996632  -0.8498498  -0.7857858   0.96334916 -0.9999734  -0.04704705
 -0.9179179   0.95147103 -0.999965   -0.6676677   0.7457457   0.68936634
 -0.99980736  0.6616617   0.21721722  0.7007311  -0.9998182   0.5075075
  0.6756757   0.908954   -0.99993813  0.8338338  -0.5975976   0.96592873
 -0.999976    0.36136135 -0.07107107  0.809466   -0.9998632   0.16116115
  0.6116116   0.8369856  -0.9998891  -0.7737738  -0.43343344  0.9752376
 -0.9999731   0.01701702 -0.04904905  0.06471502 -0.9988285   0.7637638
  0.7657658   0.947842   -0.9999611   0.7717718   0.3773774   0.8495234
 -0.9999069   0.1891892   0.7657658   0.8561018  -0.99990463  0.07707708
 -0.33933935 -0.01853443 -0.9993908  -0.25125125 -0.3173173   0.38646233
 -0.9996246  -0.2032032   0.6336336   0.72837335 -0.9998144  -0.07107107
  0.04704705 -0.07287034 -0.998689    0.7697698  -0.3213213   0.8897872
 -0.9999288  -0.42542544 -0.3933934   0.4514703  -0.9996787  -0.7677678
  0.03103103  0.9283122  -0.99994344 -0.33133134 -0.6436436   0.69171566
 -0.99981695 -0.6236236   0.8618619   0.9287185  -0.9999433  -0.8338338
  0.5555556   0.89897084 -0.9999276   0.8638639   0.24324325  0.91358835
 -0.9999412   0.5815816  -0.001001    0.83558345 -0.99989545  0.11511511
 -0.7617618   0.80031246 -0.99988085 -0.25725725  0.25525525  0.58123946
 -0.9992105   0.9379379   0.997998    0.99190384 -0.9999915   0.5275275
  0.3033033   0.94236    -0.999955   -0.001001    0.5415415   0.59790874
 -0.99973494  0.34734735  0.3833834   0.6631859  -0.99978465 -0.08708709
 -0.45945945  0.5972209  -0.99974924 -0.7337337  -0.6316316   0.85035795
 -0.9999089   0.7137137  -0.7037037   0.7941282  -0.9998754  -0.16916917
  0.11511511 -0.06234977 -0.99921465  0.7497497  -0.4894895   0.93404347
 -0.9999584  -0.7137137  -0.8898899   0.91520345 -0.9999489   0.5915916
  0.7957958   0.9412681  -0.9999582   0.4214214  -0.43743744  0.6119594
 -0.99976397  0.7297297   0.08908909  0.9749774  -0.99997437 -0.6956957
  0.2972973   0.89261127 -0.9999151  -0.9319319  -0.22722723  0.99998796
 -0.999992    0.37137136  0.17117117  0.45594367 -0.9996575  -0.5635636
 -0.01101101  0.88874084 -0.99990755 -0.6376376  -0.2092092   0.94065875
 -0.9999495  -0.5315315   0.47147146  0.5170845  -0.99968123  0.5315315
 -0.9379379   0.99202275 -0.99998945  0.9339339  -0.09309309  0.9941136
 -0.99998957  0.13513513 -0.06106106 -0.20423199 -0.99903846 -0.45945945
  0.22122122  0.90769887 -0.999876   -0.3913914   0.6556557   0.99849886
 -0.99997276  0.03303303  0.13513513  0.54645276 -0.99963534  0.5915916
 -0.6376376   0.74296296 -0.99984276  0.36536536 -0.21921922  0.4819139
 -0.9996795  -0.983984    0.07107107  0.97104734 -0.99997646 -1.
 -1.         -1.         -1.        ]",2,0.012723442,0.9859736
8,-0.26013743110507026,"[ 0.24524525  0.09309309  0.89500463  0.24524525  0.09309309  0.83670056
  0.24524525  0.09309309  0.8598964  -0.5895896   0.6036036   0.50207746
 -0.99971     0.15715715 -0.6176176   0.43007967 -0.9996888   0.24524525
  0.09309309  0.6522024  -0.99914956 -0.8138138  -0.17917918  0.9423313
 -0.9999594   0.35335335  0.9079079   0.9553519  -0.99996316  0.5495495
 -0.33733734  0.68618155 -0.9998176  -0.4134134  -0.7937938   0.8338766
 -0.9998985  -0.26726726 -0.05505506  0.52945477 -0.99967617  0.4774775
  0.5475475   0.80130196 -0.9998757  -0.34534535  0.8038038   0.9513744
 -0.9999542   0.01301301  0.34134135  0.50795794 -0.9996394   0.8058058
 -0.07107107  0.9393567  -0.9999509  -0.5595596  -0.7057057   0.74715126
 -0.99985135  0.8598599   0.5075075   0.8554847  -0.9999172   0.4994995
 -0.5115115   0.6792428  -0.99981713 -0.03703704 -0.14314315 -0.04503639
 -0.99935573  0.8738739  -0.8058058   0.97753304 -0.9999849  -0.8638639
  0.7957958   0.8780444  -0.9999239  -0.3993994   0.4034034   0.4513737
 -0.9996317  -0.6136136   0.15115115  0.7819917  -0.9998516   0.3993994
 -0.7597598   0.80184937 -0.9998896  -0.14314315  0.8118118   0.98142225
 -0.99997634 -0.01701702 -0.7157157   0.9247526  -0.9999513  -0.4214214
  0.04904905  0.5712304  -0.99970573 -0.46946946 -0.5535536   0.3860028
 -0.9996556  -0.8498498  -0.7857858   0.96256757 -0.9999717  -0.04704705
 -0.9179179   0.9514909  -0.99996686 -0.6676677   0.7457457   0.67373925
 -0.99980795  0.6616617   0.21721722  0.69502246 -0.99982303  0.5075075
  0.6756757   0.91020393 -0.9999299   0.8338338  -0.5975976   0.96754855
 -0.99997544  0.36136135 -0.07107107  0.86642075 -0.9998535   0.16116115
  0.6116116   0.8382596  -0.99987864 -0.7737738  -0.43343344  0.9757954
 -0.9999779   0.01701702 -0.04904905 -0.01269976 -0.9988704   0.7637638
  0.7657658   0.94938713 -0.9999628   0.7717718   0.3773774   0.8492304
 -0.99991095  0.1891892   0.7657658   0.8536943  -0.99989456  0.07707708
 -0.33933935 -0.06430276 -0.9994081  -0.25125125 -0.3173173   0.35815093
 -0.9996186  -0.2032032   0.6336336   0.7164695  -0.9998108  -0.07107107
  0.04704705 -0.17397432 -0.9987057   0.7697698  -0.3213213   0.8901351
 -0.99993265 -0.42542544 -0.3933934   0.42424524 -0.9996715  -0.7677678
  0.03103103  0.9260625  -0.99994344 -0.33133134 -0.6436436   0.67724794
 -0.9998148  -0.6236236   0.8618619   0.92619663 -0.99994546 -0.8338338
  0.5555556   0.89442545 -0.9999331   0.8638639   0.24324325  0.9162302
 -0.9999417   0.5815816  -0.001001    0.8522867  -0.9998819   0.11511511
 -0.7617618   0.7928304  -0.99987966 -0.25725725  0.25525525  0.51850015
 -0.999236    0.9379379   0.997998    0.99379903 -0.9999923   0.5275275
  0.3033033   0.96001214 -0.999955   -0.001001    0.5415415   0.58566296
 -0.99972963  0.34734735  0.3833834   0.67609775 -0.99978304 -0.08708709
 -0.45945945  0.58094454 -0.9997552  -0.7337337  -0.6316316   0.8435014
 -0.9999059   0.7137137  -0.7037037   0.78630364 -0.99987936 -0.16916917
  0.11511511 -0.1212725  -0.9992246   0.7497497  -0.4894895   0.9350526
 -0.9999567  -0.7137137  -0.8898899   0.9120861  -0.9999477   0.5915916
  0.7957958   0.94264144 -0.9999579   0.4214214  -0.43743744  0.59938306
 -0.9997704   0.7297297   0.08908909  0.9857468  -0.99997383 -0.6956957
  0.2972973   0.8882474  -0.99991417 -0.9319319  -0.22722723  0.99998796
 -0.9999925   0.37137136  0.17117117  0.52398527 -0.99967873 -0.5635636
 -0.01101101  0.88453686 -0.9999109  -0.6376376  -0.2092092   0.9395007
 -0.99995005 -0.5315315   0.47147146  0.49152294 -0.99969214  0.5315315
 -0.9379379   0.9939456  -0.99999034  0.9339339  -0.09309309  0.99898
 -0.99998945  0.13513513 -0.06106106 -0.23117562 -0.9992494  -0.45945945
  0.22122122  0.90179086 -0.9998697  -0.3913914   0.6556557   0.99997103
 -0.9999708   0.03303303  0.13513513  0.56526875 -0.9996342   0.5915916
 -0.6376376   0.7331911  -0.999848    0.36536536 -0.21921922  0.486141
 -0.999683   -0.983984    0.07107107  0.9709048  -0.99997765 -1.
 -1.         -1.         -1.        ]",73,0.012301732,0.9843036
9,-0.25757015915887477,"[ 0.13513513 -0.06106106  0.85217315  0.13513513 -0.06106106  0.79108006
  0.13513513 -0.06106106  0.8171714  -0.5895896   0.6036036   0.48004335
 -0.9997203   0.15715715 -0.6176176   0.4176802  -0.99967676  0.24524525
  0.09309309  0.68634915 -0.9992251  -0.8138138  -0.17917918  0.94457686
 -0.9999523   0.35335335  0.9079079   0.9586068  -0.9999656   0.5495495
 -0.33733734  0.69312644 -0.99981916 -0.4134134  -0.7937938   0.83135986
 -0.99990207 -0.26726726 -0.05505506  0.5261907  -0.99966615  0.4774775
  0.5475475   0.80056447 -0.99987596 -0.34534535  0.8038038   0.9534852
 -0.999957    0.01301301  0.34134135  0.5127171  -0.99966496  0.8058058
 -0.07107107  0.9481634  -0.9999599  -0.5595596  -0.7057057   0.73978955
 -0.9998535   0.8598599   0.5075075   0.85429525 -0.9999138   0.4994995
 -0.5115115   0.67831963 -0.999819   -0.03703704 -0.14314315  0.02186447
 -0.9993405   0.8738739  -0.8058058   0.9817885  -0.99998087 -0.8638639
  0.7957958   0.8743419  -0.9999247  -0.3993994   0.4034034   0.42636162
 -0.99963754 -0.6136136   0.15115115  0.77721936 -0.99985254  0.3993994
 -0.7597598   0.8016298  -0.9998849  -0.14314315  0.8118118   0.98549646
 -0.99997306 -0.01701702 -0.7157157   0.93067694 -0.9999499  -0.4214214
  0.04904905  0.56110287 -0.99969655 -0.46946946 -0.5535536   0.36136967
 -0.9996464  -0.8498498  -0.7857858   0.9641642  -0.9999725  -0.04704705
 -0.9179179   0.95673704 -0.9999654  -0.6676677   0.7457457   0.65976506
 -0.99981356  0.6616617   0.21721722  0.6896076  -0.99981564  0.5075075
  0.6756757   0.9128572  -0.99993694  0.8338338  -0.5975976   0.9729559
 -0.9999763   0.36136135 -0.07107107  0.95804805 -0.99986887  0.16116115
  0.6116116   0.8408985  -0.99989164 -0.7737738  -0.43343344  0.98003
 -0.99997574  0.01701702 -0.04904905  0.08901367 -0.99882233  0.7637638
  0.7657658   0.95177484 -0.9999611   0.7717718   0.3773774   0.8499784
 -0.99990535  0.1891892   0.7657658   0.8518043  -0.9999067   0.07707708
 -0.33933935 -0.06309641 -0.9993885  -0.25125125 -0.3173173   0.3511039
 -0.9996093  -0.2032032   0.6336336   0.7080227  -0.9998139  -0.07107107
  0.04704705 -0.22351253 -0.9985867   0.7697698  -0.3213213   0.8963554
 -0.9999375  -0.42542544 -0.3933934   0.40502256 -0.99966204 -0.7677678
  0.03103103  0.92811114 -0.99993896 -0.33133134 -0.6436436   0.6676188
 -0.9998107  -0.6236236   0.8618619   0.92558336 -0.9999508  -0.8338338
  0.5555556   0.89228773 -0.99993753  0.8638639   0.24324325  0.9202303
 -0.99994284  0.5815816  -0.001001    0.8624455  -0.99989766  0.11511511
 -0.7617618   0.7931877  -0.9998814  -0.25725725  0.25525525  0.46589062
 -0.99924123  0.9379379   0.997998    0.9965017  -0.9999909   0.5275275
  0.3033033   0.97495615 -0.9999494  -0.001001    0.5415415   0.57520324
 -0.99975103  0.34734735  0.3833834   0.68100554 -0.99978846 -0.08708709
 -0.45945945  0.5860198  -0.9997543  -0.7337337  -0.6316316   0.8401925
 -0.9999031   0.7137137  -0.7037037   0.78284293 -0.99988145 -0.16916917
  0.11511511 -0.1589382  -0.9992418   0.7497497  -0.4894895   0.94155365
 -0.9999569  -0.7137137  -0.8898899   0.91161007 -0.99994755  0.5915916
  0.7957958   0.94524455 -0.9999604   0.4214214  -0.43743744  0.60101795
 -0.999771    0.7297297   0.08908909  0.99893844 -0.999973   -0.6956957
  0.2972973   0.88778764 -0.99991894 -0.9319319  -0.22722723  0.9999868
 -0.99999094  0.37137136  0.17117117  0.54071206 -0.9996514  -0.5635636
 -0.01101101  0.887262   -0.9999051  -0.6376376  -0.2092092   0.9432822
 -0.9999444  -0.5315315   0.47147146  0.4694556  -0.99970126  0.5315315
 -0.9379379   0.9994486  -0.9999899   0.9339339  -0.09309309  0.9999842
 -0.9999917   0.13513513 -0.06106106  0.5905506  -0.99919707 -0.45945945
  0.22122122  0.90339595 -0.9998838  -0.3913914   0.6556557   0.99995613
 -0.99997514  0.03303303  0.13513513  0.60080636 -0.9996575   0.5915916
 -0.6376376   0.72950256 -0.9998522   0.36536536 -0.21921922  0.53925765
 -0.9996824  -0.983984    0.07107107  0.97299516 -0.99997103 -1.
 -1.         -1.         -1.        ]",41,0.012225155,0.9823599
10,-0.22614393097676752,"[-0.07107107  0.04704705  0.831298   -0.07107107  0.04704705  0.7687086
 -0.07107107  0.04704705  0.7963863  -0.5895896   0.6036036   0.46648496
 -0.9997203   0.15715715 -0.6176176   0.40333736 -0.99967676  0.24524525
  0.09309309  0.66366726 -0.9992458  -0.8138138  -0.17917918  0.9464007
 -0.9999523   0.35335335  0.9079079   0.959409   -0.9999656   0.5495495
 -0.33733734  0.6877129  -0.99981916 -0.4134134  -0.7937938   0.8287793
 -0.99990207 -0.26726726 -0.05505506  0.5454405  -0.99966615  0.4774775
  0.5475475   0.7979695  -0.99987596 -0.34534535  0.8038038   0.9550542
 -0.999957    0.01301301  0.34134135  0.51829636 -0.99966496  0.8058058
 -0.07107107  0.9490121  -0.9999599  -0.5595596  -0.7057057   0.7343227
 -0.9998535   0.8598599   0.5075075   0.8520605  -0.9999138   0.4994995
 -0.5115115   0.671309   -0.999819   -0.03703704 -0.14314315  0.01773493
 -0.9993405   0.8738739  -0.8058058   0.9826138  -0.99998087 -0.8638639
  0.7957958   0.8717138  -0.9999247  -0.3993994   0.4034034   0.41385007
 -0.99963754 -0.6136136   0.15115115  0.7765905  -0.99985254  0.3993994
 -0.7597598   0.7975393  -0.9998849  -0.14314315  0.8118118   0.98809373
 -0.99997306 -0.01701702 -0.7157157   0.9315231  -0.9999499  -0.4214214
  0.04904905  0.5655819  -0.99969655 -0.46946946 -0.5535536   0.34487325
 -0.9996464  -0.8498498  -0.7857858   0.9646601  -0.9999725  -0.04704705
 -0.9179179   0.9579066  -0.9999654  -0.6676677   0.7457457   0.6509478
 -0.99981356  0.6616617   0.21721722  0.68298894 -0.99981564  0.5075075
  0.6756757   0.91321766 -0.99993694  0.8338338  -0.5975976   0.97377664
 -0.9999763   0.36136135 -0.07107107  0.96256816 -0.99986887  0.16116115
  0.6116116   0.84038985 -0.99989164 -0.7737738  -0.43343344  0.9825915
 -0.99997574  0.01701702 -0.04904905  0.10674568 -0.99882233  0.7637638
  0.7657658   0.9522741  -0.9999611   0.7717718   0.3773774   0.8479314
 -0.99990535  0.1891892   0.7657658   0.8490768  -0.9999067   0.07707708
 -0.33933935 -0.08477592 -0.9993885  -0.25125125 -0.3173173   0.34435326
 -0.9996093  -0.2032032   0.6336336   0.7041174  -0.9998139  -0.07107107
  0.04704705  0.5834632  -0.9988223   0.7697698  -0.3213213   0.89553994
 -0.9999375  -0.42542544 -0.3933934   0.39216518 -0.99966204 -0.7677678
  0.03103103  0.9305695  -0.99993896 -0.33133134 -0.6436436   0.6605736
 -0.9998107  -0.6236236   0.8618619   0.92545134 -0.9999508  -0.8338338
  0.5555556   0.891226   -0.99993753  0.8638639   0.24324325  0.91991895
 -0.99994284  0.5815816  -0.001001    0.8615725  -0.99989766  0.11511511
 -0.7617618   0.7899597  -0.9998814  -0.25725725  0.25525525  0.4510554
 -0.9992272   0.9379379   0.997998    0.9975063  -0.9999909   0.5275275
  0.3033033   0.9785826  -0.9999494  -0.001001    0.5415415   0.5676878
 -0.99975103  0.34734735  0.3833834   0.6783691  -0.99978846 -0.08708709
 -0.45945945  0.58127546 -0.9997543  -0.7337337  -0.6316316   0.83744365
 -0.9999031   0.7137137  -0.7037037   0.7776139  -0.99988145 -0.16916917
  0.11511511 -0.11560749 -0.9992418   0.7497497  -0.4894895   0.941965
 -0.9999569  -0.7137137  -0.8898899   0.9107769  -0.99994755  0.5915916
  0.7957958   0.9456312  -0.9999604   0.4214214  -0.43743744  0.5924651
 -0.999771    0.7297297   0.08908909  0.9999861  -0.999973   -0.6956957
  0.2972973   0.8889885  -0.99991894 -0.9319319  -0.22722723  0.9999868
 -0.99999094  0.37137136  0.17117117  0.5330765  -0.9996514  -0.5635636
 -0.01101101  0.89202017 -0.9999051  -0.6376376  -0.2092092   0.94683975
 -0.9999444  -0.5315315   0.47147146  0.45673323 -0.99970126  0.5315315
 -0.9379379   0.99998593 -0.9999899   0.9339339  -0.09309309  0.9999842
 -0.9999917   0.13513513 -0.06106106  0.584844   -0.99920535 -0.45945945
  0.22122122  0.90917253 -0.9998838  -0.3913914   0.6556557   0.99997103
 -0.99997514  0.03303303  0.13513513  0.63157934 -0.9996575   0.5915916
 -0.6376376   0.7230359  -0.9998522   0.36536536 -0.21921922  0.5320185
 -0.9996824  -0.983984    0.07107107  0.9747258  -0.99997103 -1.
 -1.         -1.         -1.        ]",80,0.012225664,0.98042023
11,-0.2500755492046458,"[-0.07107107  0.04704705  0.831298   -0.07107107  0.04704705  0.7687086
 -0.07107107  0.04704705  0.7963863  -0.5895896   0.6036036   0.43393523
 -0.999707    0.15715715 -0.6176176   0.36619642 -0.99966925  0.24524525
  0.09309309  0.57741636 -0.9992435  -0.8138138  -0.17917918  0.9416515
 -0.9999568   0.35335335  0.9079079   0.9554925  -0.99996316  0.5495495
 -0.33733734  0.66634923 -0.999815   -0.4134134  -0.7937938   0.8181141
 -0.9999012  -0.26726726 -0.05505506  0.5100743  -0.99967563  0.4774775
  0.5475475   0.7830957  -0.999874   -0.34534535  0.8038038   0.949639
 -0.9999512   0.01301301  0.34134135  0.48023814 -0.9996523   0.8058058
 -0.07107107  0.94426584 -0.9999572  -0.5595596  -0.7057057   0.71924114
 -0.9998621   0.8598599   0.5075075   0.84240454 -0.99991566  0.4994995
 -0.5115115   0.6509282  -0.99981654 -0.03703704 -0.14314315 -0.05665377
 -0.99932957  0.8738739  -0.8058058   0.98078054 -0.99998224 -0.8638639
  0.7957958   0.86316496 -0.99992216 -0.3993994   0.4034034   0.3725556
 -0.9996272  -0.6136136   0.15115115  0.7607406  -0.99985445  0.3993994
 -0.7597598   0.78455794 -0.999882   -0.14314315  0.8118118   0.9850272
 -0.99997246 -0.01701702 -0.7157157   0.9251941  -0.99994665 -0.4214214
  0.04904905  0.5335828  -0.99970543 -0.46946946 -0.5535536   0.30925775
 -0.9996697  -0.8498498  -0.7857858   0.9617823  -0.99997336 -0.04704705
 -0.9179179   0.9535736  -0.9999639  -0.6676677   0.7457457   0.6297162
 -0.9998072   0.6616617   0.21721722  0.66304874 -0.99982065  0.5075075
  0.6756757   0.9065134  -0.9999397   0.8338338  -0.5975976   0.971022
 -0.9999756   0.36136135 -0.07107107  0.9518229  -0.9998584   0.16116115
  0.6116116   0.82791036 -0.9998821  -0.7737738  -0.43343344  0.97992605
 -0.99997663  0.01701702 -0.04904905 -0.02373656 -0.998841    0.7637638
  0.7657658   0.94774145 -0.99996245  0.7717718   0.3773774   0.83763415
 -0.9999089   0.1891892   0.7657658   0.83876324 -0.99989676  0.07707708
 -0.33933935 -0.1538519  -0.99937993 -0.25125125 -0.3173173   0.30411333
 -0.9996274  -0.2032032   0.6336336   0.6824491  -0.99980795 -0.07107107
  0.04704705  0.4398957  -0.99870133  0.7697698  -0.3213213   0.8877753
 -0.9999317  -0.42542544 -0.3933934   0.3578656  -0.9996826  -0.7677678
  0.03103103  0.92403996 -0.99994016 -0.33133134 -0.6436436   0.6414078
 -0.9998212  -0.6236236   0.8618619   0.91993815 -0.99994993 -0.8338338
  0.5555556   0.8832183  -0.99993134  0.8638639   0.24324325  0.91350144
 -0.9999426   0.5815816  -0.001001    0.85094756 -0.9998928   0.11511511
 -0.7617618   0.77530867 -0.99987304 -0.25725725  0.25525525  0.3666825
 -0.999234    0.9379379   0.997998    0.9964992  -0.9999911   0.5275275
  0.3033033   0.9730544  -0.99995255 -0.001001    0.5415415   0.53876936
 -0.9997304   0.34734735  0.3833834   0.6539069  -0.9997887  -0.08708709
 -0.45945945  0.5533567  -0.9997473  -0.7337337  -0.6316316   0.827831
 -0.9999085   0.7137137  -0.7037037   0.7643474  -0.99987906 -0.16916917
  0.11511511 -0.20024168 -0.9992287   0.7497497  -0.4894895   0.9369429
 -0.99995667 -0.7137137  -0.8898899   0.9052564  -0.9999508   0.5915916
  0.7957958   0.94063383 -0.9999576   0.4214214  -0.43743744  0.56699055
 -0.9997705   0.7297297   0.08908909  0.9970927  -0.999975   -0.6956957
  0.2972973   0.87951124 -0.9999146  -0.9319319  -0.22722723  0.99915594
 -0.99999243  0.37137136  0.17117117  0.495214   -0.9996682  -0.5635636
 -0.01101101  0.8819812  -0.99990946 -0.6376376  -0.2092092   0.9412263
 -0.9999493  -0.5315315   0.47147146  0.42215425 -0.99968845  0.5315315
 -0.9379379   0.99895674 -0.9999903   0.9339339  -0.09309309  0.998857
 -0.9999907   0.13513513 -0.06106106  0.49427888 -0.9991872  -0.45945945
  0.22122122  0.8953771  -0.9998762  -0.3913914   0.6556557   0.9969134
 -0.9999735   0.03303303  0.13513513  0.59284097 -0.99964696  0.5915916
 -0.6376376   0.70655745 -0.99984956  0.36536536 -0.21921922  0.4953984
 -0.9996786  -0.983984    0.07107107  0.9717907  -0.9999734  -1.
 -1.         -1.         -1.        ]",59,0.012144463,0.9784136
12,-0.24194106392879863,"[-0.16916917  0.11511511  0.81092674 -0.16916917  0.11511511  0.74745476
 -0.16916917  0.11511511  0.7760988  -0.5895896   0.6036036   0.42665583
 -0.999707    0.15715715 -0.6176176   0.3545667  -0.99966925  0.24524525
  0.09309309  0.5543013  -0.9992435  -0.8138138  -0.17917918  0.944812
 -0.9999568   0.35335335  0.9079079   0.95726216 -0.99996316  0.5495495
 -0.33733734  0.6614101  -0.999815   -0.4134134  -0.7937938   0.81657386
 -0.9999012  -0.26726726 -0.05505506  0.5500092  -0.99967563  0.4774775
  0.5475475   0.78111696 -0.999874   -0.34534535  0.8038038   0.9531124
 -0.9999512   0.01301301  0.34134135  0.48819932 -0.9996523   0.8058058
 -0.07107107  0.9451064  -0.9999572  -0.5595596  -0.7057057   0.7149839
 -0.9998621   0.8598599   0.5075075   0.840544   -0.99991566  0.4994995
 -0.5115115   0.64466375 -0.99981654 -0.03703704 -0.14314315 -0.0697127
 -0.99932957  0.8738739  -0.8058058   0.9814011  -0.99998224 -0.8638639
  0.7957958   0.86240816 -0.99992216 -0.3993994   0.4034034   0.371959
 -0.9996272  -0.6136136   0.15115115  0.7651961  -0.99985445  0.3993994
 -0.7597598   0.78145653 -0.999882   -0.14314315  0.8118118   0.9888237
 -0.99997246 -0.01701702 -0.7157157   0.92586976 -0.99994665 -0.4214214
  0.04904905  0.5578506  -0.99970543 -0.46946946 -0.5535536   0.29711723
 -0.9996697  -0.8498498  -0.7857858   0.9627162  -0.99997336 -0.04704705
 -0.9179179   0.95449287 -0.9999639  -0.6676677   0.7457457   0.6252343
 -0.9998072   0.6616617   0.21721722  0.6572943  -0.99982065  0.5075075
  0.6756757   0.90734357 -0.9999397   0.8338338  -0.5975976   0.9717677
 -0.9999756   0.36136135 -0.07107107  0.9541459  -0.9998584   0.16116115
  0.6116116   0.82969993 -0.9998821  -0.7737738  -0.43343344  0.9829103
 -0.99997663  0.01701702 -0.04904905 -0.04791089 -0.998841    0.7637638
  0.7657658   0.9483541  -0.99996245  0.7717718   0.3773774   0.8358253
 -0.9999089   0.1891892   0.7657658   0.83837247 -0.99989676  0.07707708
 -0.33933935 -0.1733524  -0.99937993 -0.25125125 -0.3173173   0.29896268
 -0.9996274  -0.2032032   0.6336336   0.6832876  -0.99980795 -0.07107107
  0.04704705  0.4720377  -0.99870133  0.7697698  -0.3213213   0.8870833
 -0.9999317  -0.42542544 -0.3933934   0.34913546 -0.9996826  -0.7677678
  0.03103103  0.92892253 -0.99994016 -0.33133134 -0.6436436   0.63585454
 -0.9998212  -0.6236236   0.8618619   0.9212789  -0.99994993 -0.8338338
  0.5555556   0.8837218  -0.99993134  0.8638639   0.24324325  0.91321445
 -0.9999426   0.5815816  -0.001001    0.84998554 -0.9998928   0.11511511
 -0.7617618   0.7726892  -0.99987304 -0.25725725  0.25525525  0.4081741
 -0.999234    0.9379379   0.997998    0.99744856 -0.9999911   0.5275275
  0.3033033   0.97561926 -0.99995255 -0.001001    0.5415415   0.53632957
 -0.9997304   0.34734735  0.3833834   0.6518889  -0.9997887  -0.08708709
 -0.45945945  0.54931176 -0.9997473  -0.7337337  -0.6316316   0.82669187
 -0.9999085   0.7137137  -0.7037037   0.75997955 -0.99987906 -0.16916917
  0.11511511  0.4500387  -0.9992426   0.7497497  -0.4894895   0.93727267
 -0.99995667 -0.7137137  -0.8898899   0.9047864  -0.9999508   0.5915916
  0.7957958   0.94122475 -0.9999576   0.4214214  -0.43743744  0.5591875
 -0.9997705   0.7297297   0.08908909  0.99931294 -0.999975   -0.6956957
  0.2972973   0.884755   -0.9999146  -0.9319319  -0.22722723  0.9999868
 -0.99999243  0.37137136  0.17117117  0.48709875 -0.9996682  -0.5635636
 -0.01101101  0.89119846 -0.99990946 -0.6376376  -0.2092092   0.9465413
 -0.9999493  -0.5315315   0.47147146  0.4171204  -0.99968845  0.5315315
 -0.9379379   0.99998444 -0.9999903   0.9339339  -0.09309309  0.9999843
 -0.9999907   0.13513513 -0.06106106  0.47417325 -0.9991872  -0.45945945
  0.22122122  0.9124465  -0.9998762  -0.3913914   0.6556557   0.99997103
 -0.9999735   0.03303303  0.13513513  0.61103344 -0.99964696  0.5915916
 -0.6376376   0.7011604  -0.99984956  0.36536536 -0.21921922  0.48725322
 -0.9996786  -0.983984    0.07107107  0.9744084  -0.9999734  -1.
 -1.         -1.         -1.        ]",80,0.012125466,0.9765489
13,-0.2501877844871731,"[-0.16916917  0.11511511  0.81092674 -0.16916917  0.11511511  0.74745476
 -0.16916917  0.11511511  0.7760988  -0.5895896   0.6036036   0.41381544
 -0.9997154   0.15715715 -0.6176176   0.3401976  -0.99967164  0.24524525
  0.09309309  0.51943135 -0.99922925 -0.8138138  -0.17917918  0.9428621
 -0.9999563   0.35335335  0.9079079   0.9557632  -0.99996805  0.5495495
 -0.33733734  0.65339565 -0.9998173  -0.4134134  -0.7937938   0.8121337
 -0.99990076 -0.26726726 -0.05505506  0.53564614 -0.9996654   0.4774775
  0.5475475   0.775635   -0.999876   -0.34534535  0.8038038   0.9512058
 -0.99995625  0.01301301  0.34134135  0.4731551  -0.99965453  0.8058058
 -0.07107107  0.9430204  -0.99995697 -0.5595596  -0.7057057   0.7084361
 -0.99984807  0.8598599   0.5075075   0.83669895 -0.9999136   0.4994995
 -0.5115115   0.63649815 -0.99980956 -0.03703704 -0.14314315 -0.0991256
 -0.99932986  0.8738739  -0.8058058   0.9806619  -0.9999819  -0.8638639
  0.7957958   0.85912126 -0.999925   -0.3993994   0.4034034   0.3556083
 -0.9996323  -0.6136136   0.15115115  0.7589697  -0.99985135  0.3993994
 -0.7597598   0.77634376 -0.9998834  -0.14314315  0.8118118   0.9874369
 -0.9999713  -0.01701702 -0.7157157   0.9235015  -0.9999471  -0.4214214
  0.04904905  0.5448414  -0.99969715 -0.46946946 -0.5535536   0.2821067
 -0.99965465 -0.8498498  -0.7857858   0.96150774 -0.99997306 -0.04704705
 -0.9179179   0.95284045 -0.9999631  -0.6676677   0.7457457   0.61708045
 -0.9998184   0.6616617   0.21721722  0.6495745  -0.99981654  0.5075075
  0.6756757   0.9046116  -0.99993736  0.8338338  -0.5975976   0.9706409
 -0.99997574  0.36136135 -0.07107107  0.9498571  -0.99986136  0.16116115
  0.6116116   0.82456267 -0.9998867  -0.7737738  -0.43343344  0.98184884
 -0.99997526  0.01701702 -0.04904905 -0.09997445 -0.99882764  0.7637638
  0.7657658   0.9469617  -0.9999675   0.7717718   0.3773774   0.8317994
 -0.9999062   0.1891892   0.7657658   0.8341406  -0.99990267  0.07707708
 -0.33933935 -0.20060046 -0.9993809  -0.25125125 -0.3173173   0.28224248
 -0.99961317 -0.2032032   0.6336336   0.67533475 -0.9998172  -0.07107107
  0.04704705  0.41435328 -0.9986848   0.7697698  -0.3213213   0.8842492
 -0.99993414 -0.42542544 -0.3933934   0.3347167  -0.9996689  -0.7677678
  0.03103103  0.9262965  -0.9999395  -0.33133134 -0.6436436   0.62765235
 -0.99981    -0.6236236   0.8618619   0.91906327 -0.99995136 -0.8338338
  0.5555556   0.8803665  -0.99992967  0.8638639   0.24324325  0.91074115
 -0.999942    0.5815816  -0.001001    0.8456485  -0.9998912   0.11511511
 -0.7617618   0.7671694  -0.99987626 -0.25725725  0.25525525  0.37357393
 -0.9992189   0.9379379   0.997998    0.9969826  -0.9999898   0.5275275
  0.3033033   0.97340274 -0.9999493  -0.001001    0.5415415   0.524455
 -0.99973166  0.34734735  0.3833834   0.642099   -0.9997889  -0.08708709
 -0.45945945  0.5379878  -0.99974674 -0.7337337  -0.6316316   0.82285696
 -0.9999099   0.7137137  -0.7037037   0.7545957  -0.9998739  -0.16916917
  0.11511511  0.4154223  -0.9992197   0.7497497  -0.4894895   0.9353153
 -0.9999572  -0.7137137  -0.8898899   0.90235656 -0.9999449   0.5915916
  0.7957958   0.93928653 -0.99995697  0.4214214  -0.43743744  0.54893804
 -0.99976164  0.7297297   0.08908909  0.9981863  -0.9999747  -0.6956957
  0.2972973   0.8807176  -0.99991447 -0.9319319  -0.22722723  0.9995912
 -0.9999919   0.37137136  0.17117117  0.47187003 -0.99965626 -0.5635636
 -0.01101101  0.8871675  -0.9999067  -0.6376376  -0.2092092   0.9445273
 -0.9999474  -0.5315315   0.47147146  0.40345758 -0.9996948   0.5315315
 -0.9379379   0.9995248  -0.99998915  0.9339339  -0.09309309  0.9995422
 -0.99998975  0.13513513 -0.06106106  0.43862486 -0.9991799  -0.45945945
  0.22122122  0.90671504 -0.9998769  -0.3913914   0.6556557   0.99896514
 -0.99997705  0.03303303  0.13513513  0.59571123 -0.9996473   0.5915916
 -0.6376376   0.6943913  -0.99984294  0.36536536 -0.21921922  0.4733495
 -0.9996805  -0.983984    0.07107107  0.9732569  -0.99997264 -1.
 -1.         -1.         -1.        ]",38,0.012668632,0.9746272
14,-0.2573730589261945,"[ 0.07707708 -0.33933935  0.7658304   0.07707708 -0.33933935  0.69735223
  0.07707708 -0.33933935  0.7312676  -0.5895896   0.6036036   0.3686092
 -0.9997078   0.15715715 -0.6176176   0.39013115 -0.99967146  0.24524525
  0.09309309  0.420554   -0.9992112  -0.8138138  -0.17917918  0.9465108
 -0.99995095  0.35335335  0.9079079   0.9560315  -0.9999667   0.5495495
 -0.33733734  0.66415936 -0.9998097  -0.4134134  -0.7937938   0.8167687
 -0.99990207 -0.26726726 -0.05505506  0.51284635 -0.99966     0.4774775
  0.5475475   0.76276594 -0.9998693  -0.34534535  0.8038038   0.95008093
 -0.9999573   0.01301301  0.34134135  0.43522087 -0.9996662   0.8058058
 -0.07107107  0.9502506  -0.9999538  -0.5595596  -0.7057057   0.7005717
 -0.9998551   0.8598599   0.5075075   0.82740957 -0.9999023   0.4994995
 -0.5115115   0.64394987 -0.9998157  -0.03703704 -0.14314315 -0.03218335
 -0.99932945  0.8738739  -0.8058058   0.98962957 -0.9999828  -0.8638639
  0.7957958   0.8502007  -0.9999217  -0.3993994   0.4034034   0.3017428
 -0.99963486 -0.6136136   0.15115115  0.7464493  -0.9998497   0.3993994
 -0.7597598   0.7887439  -0.999881   -0.14314315  0.8118118   0.9896133
 -0.99997187 -0.01701702 -0.7157157   0.95545715 -0.99995184 -0.4214214
  0.04904905  0.5158648  -0.9996919  -0.46946946 -0.5535536   0.24753718
 -0.9996593  -0.8498498  -0.7857858   0.96608    -0.99997276 -0.04704705
 -0.9179179   0.9757839  -0.9999678  -0.6676677   0.7457457   0.5883802
 -0.9998069   0.6616617   0.21721722  0.6283457  -0.99980605  0.5075075
  0.6756757   0.9012892  -0.9999378   0.8338338  -0.5975976   0.9807353
 -0.99997216  0.36136135 -0.07107107  0.9782912  -0.99985224  0.16116115
  0.6116116   0.8161188  -0.99989337 -0.7737738  -0.43343344  0.9908163
 -0.99997514  0.01701702 -0.04904905 -0.22291788 -0.99898165  0.7637638
  0.7657658   0.94630224 -0.9999599   0.7717718   0.3773774   0.8236049
 -0.99989676  0.1891892   0.7657658   0.82510304 -0.9999066   0.07707708
 -0.33933935  0.6112166  -0.9993805  -0.25125125 -0.3173173   0.30435216
 -0.99961305 -0.2032032   0.6336336   0.6519835  -0.9998122  -0.07107107
  0.04704705  0.2292843  -0.9986804   0.7697698  -0.3213213   0.8909184
 -0.9999295  -0.42542544 -0.3933934   0.311105   -0.9996732  -0.7677678
  0.03103103  0.9275606  -0.9999368  -0.33133134 -0.6436436   0.6194868
 -0.99981755 -0.6236236   0.8618619   0.9147857  -0.9999476  -0.8338338
  0.5555556   0.87362784 -0.9999336   0.8638639   0.24324325  0.91104364
 -0.9999427   0.5815816  -0.001001    0.84724003 -0.9998849   0.11511511
 -0.7617618   0.7956613  -0.9998766  -0.25725725  0.25525525  0.2565242
 -0.9992226   0.9379379   0.997998    0.9994368  -0.99999183  0.5275275
  0.3033033   0.97983307 -0.9999528  -0.001001    0.5415415   0.4911871
 -0.9997486   0.34734735  0.3833834   0.6201868  -0.999778   -0.08708709
 -0.45945945  0.706227   -0.9997565  -0.7337337  -0.6316316   0.8204768
 -0.99990475  0.7137137  -0.7037037   0.75033164 -0.9998808  -0.16916917
  0.11511511  0.30824938 -0.9992197   0.7497497  -0.4894895   0.94741213
 -0.9999531  -0.7137137  -0.8898899   0.9034952  -0.9999463   0.5915916
  0.7957958   0.93837345 -0.99996024  0.4214214  -0.43743744  0.5685932
 -0.99976957  0.7297297   0.08908909  0.9999583  -0.9999778  -0.6956957
  0.2972973   0.8749841  -0.99991035 -0.9319319  -0.22722723  0.99998796
 -0.99999017  0.37137136  0.17117117  0.43941012 -0.9996549  -0.5635636
 -0.01101101  0.8884056  -0.9999067  -0.6376376  -0.2092092   0.9502171
 -0.9999443  -0.5315315   0.47147146  0.3570959  -0.9996905   0.5315315
 -0.9379379   0.9999842  -0.99999005  0.9339339  -0.09309309  0.9999842
 -0.9999897   0.13513513 -0.06106106  0.3863727  -0.9991729  -0.45945945
  0.22122122  0.8990493  -0.99987054 -0.3913914   0.6556557   0.99998504
 -0.99997246  0.03303303  0.13513513  0.5660894  -0.9996589   0.5915916
 -0.6376376   0.69230455 -0.9998493   0.36536536 -0.21921922  0.4895924
 -0.99967474 -0.983984    0.07107107  0.97573006 -0.9999727  -1.
 -1.         -1.         -1.        ]",34,0.011830437,0.97268623
15,-0.19730445287076295,"[ 0.01701702 -0.04904905  0.7467997   0.01701702 -0.04904905  0.67653024
  0.01701702 -0.04904905  0.7123463  -0.5895896   0.6036036   0.35326663
 -0.9997021   0.15715715 -0.6176176   0.37751207 -0.9996977   0.24524525
  0.09309309  0.39781183 -0.9992352  -0.8138138  -0.17917918  0.9471464
 -0.99995697  0.35335335  0.9079079   0.9563898  -0.9999634   0.5495495
 -0.33733734  0.65925205 -0.9998134  -0.4134134  -0.7937938   0.81407493
 -0.9999028  -0.26726726 -0.05505506  0.51326394 -0.99967164  0.4774775
  0.5475475   0.7587628  -0.9998703  -0.34534535  0.8038038   0.95064753
 -0.99995095  0.01301301  0.34134135  0.43158007 -0.99965024  0.8058058
 -0.07107107  0.95120513 -0.99995494 -0.5595596  -0.7057057   0.6944803
 -0.9998517   0.8598599   0.5075075   0.8241382  -0.999911    0.4994995
 -0.5115115   0.63783807 -0.99982166 -0.03703704 -0.14314315  0.01366187
 -0.9993612   0.8738739  -0.8058058   0.9906261  -0.9999832  -0.8638639
  0.7957958   0.8471116  -0.99992335 -0.3993994   0.4034034   0.2845137
 -0.9996236  -0.6136136   0.15115115  0.7425557  -0.9998539   0.3993994
 -0.7597598   0.78564495 -0.999892   -0.14314315  0.8118118   0.9910074
 -0.99997324 -0.01701702 -0.7157157   0.95701647 -0.99995244 -0.4214214
  0.04904905  0.5093255  -0.99970007 -0.46946946 -0.5535536   0.23043653
 -0.9996539  -0.8498498  -0.7857858   0.9662897  -0.9999726  -0.04704705
 -0.9179179   0.9773695  -0.9999671  -0.6676677   0.7457457   0.5789584
 -0.99980694  0.6616617   0.21721722  0.6207842  -0.9998205   0.5075075
  0.6756757   0.9008485  -0.9999382   0.8338338  -0.5975976   0.9818528
 -0.9999763   0.36136135 -0.07107107  0.9864462  -0.99986106  0.16116115
  0.6116116   0.8145329  -0.99988765 -0.7737738  -0.43343344  0.99279284
 -0.99997437  0.01701702 -0.04904905  0.5181199  -0.99880594  0.7637638
  0.7657658   0.94632417 -0.999964    0.7717718   0.3773774   0.8206691
 -0.99990535  0.1891892   0.7657658   0.82214737 -0.9999041   0.07707708
 -0.33933935  0.59969467 -0.9994182  -0.25125125 -0.3173173   0.2988483
 -0.99961203 -0.2032032   0.6336336   0.64517665 -0.99980676 -0.07107107
  0.04704705  0.22620846 -0.99869156  0.7697698  -0.3213213   0.89045733
 -0.99993354 -0.42542544 -0.3933934   0.2974821  -0.9996674  -0.7677678
  0.03103103  0.9282876  -0.9999417  -0.33133134 -0.6436436   0.61186254
 -0.99981225 -0.6236236   0.8618619   0.9139579  -0.99994946 -0.8338338
  0.5555556   0.8711978  -0.99992925  0.8638639   0.24324325  0.9107467
 -0.9999435   0.5815816  -0.001001    0.8464501  -0.9998894   0.11511511
 -0.7617618   0.79308987 -0.9998826  -0.25725725  0.25525525  0.22176638
 -0.9992246   0.9379379   0.997998    0.9999986  -0.9999912   0.5275275
  0.3033033   0.98329794 -0.9999509  -0.001001    0.5415415   0.48189005
 -0.99973947  0.34734735  0.3833834   0.6153396  -0.999781   -0.08708709
 -0.45945945  0.70486706 -0.99975944 -0.7337337  -0.6316316   0.8175933
 -0.9999081   0.7137137  -0.7037037   0.7455692  -0.9998836  -0.16916917
  0.11511511  0.28779003 -0.99922067  0.7497497  -0.4894895   0.9481514
 -0.9999569  -0.7137137  -0.8898899   0.9023716  -0.9999412   0.5915916
  0.7957958   0.93811125 -0.99995714  0.4214214  -0.43743744  0.5614776
 -0.99977684  0.7297297   0.08908909  0.9999721  -0.9999771  -0.6956957
  0.2972973   0.87384707 -0.9999109  -0.9319319  -0.22722723  0.9999868
 -0.9999922   0.37137136  0.17117117  0.4311273  -0.99967456 -0.5635636
 -0.01101101  0.8893168  -0.99990606 -0.6376376  -0.2092092   0.9517942
 -0.99995065 -0.5315315   0.47147146  0.34167    -0.99968445  0.5315315
 -0.9379379   0.9999842  -0.99998945  0.9339339  -0.09309309  0.9999842
 -0.99998987  0.13513513 -0.06106106  0.4333248  -0.99919224 -0.45945945
  0.22122122  0.8989681  -0.99987024 -0.3913914   0.6556557   0.99995613
 -0.999975    0.03303303  0.13513513  0.578312   -0.9996432   0.5915916
 -0.6376376   0.68638647 -0.9998536   0.36536536 -0.21921922  0.4867615
 -0.9996783  -0.983984    0.07107107  0.9766995  -0.9999735  -1.
 -1.         -1.         -1.        ]",80,0.012287787,0.97077876
16,-0.21835110224851847,"[ 0.01701702 -0.04904905  0.7467997   0.01701702 -0.04904905  0.67653024
  0.01701702 -0.04904905  0.7123463  -0.5895896   0.6036036   0.31060752
 -0.9997021   0.15715715 -0.6176176   0.329624   -0.9996977   0.24524525
  0.09309309  0.2882093  -0.9992352  -0.8138138  -0.17917918  0.94064987
 -0.99995697  0.35335335  0.9079079   0.95142484 -0.9999634   0.5495495
 -0.33733734  0.63185674 -0.9998134  -0.4134134  -0.7937938   0.7993963
 -0.9999028  -0.26726726 -0.05505506  0.4639417  -0.99967164  0.4774775
  0.5475475   0.74047846 -0.9998703  -0.34534535  0.8038038   0.94415843
 -0.99995095  0.01301301  0.34134135  0.3832104  -0.99965024  0.8058058
 -0.07107107  0.9447689  -0.99995494 -0.5595596  -0.7057057   0.6743429
 -0.9998517   0.8598599   0.5075075   0.8114757  -0.999911    0.4994995
 -0.5115115   0.60993475 -0.99982166 -0.03703704 -0.14314315 -0.08404401
 -0.9993612   0.8738739  -0.8058058   0.98808324 -0.9999832  -0.8638639
  0.7957958   0.83615917 -0.99992335 -0.3993994   0.4034034   0.23028606
 -0.9996236  -0.6136136   0.15115115  0.7204352  -0.9998539   0.3993994
 -0.7597598   0.7685581  -0.999892   -0.14314315  0.8118118   0.9872684
 -0.99997324 -0.01701702 -0.7157157   0.9493136  -0.99995244 -0.4214214
  0.04904905  0.46463275 -0.99970007 -0.46946946 -0.5535536   0.18132731
 -0.9996539  -0.8498498  -0.7857858   0.96255845 -0.9999726  -0.04704705
 -0.9179179   0.9721363  -0.9999671  -0.6676677   0.7457457   0.55092174
 -0.99980694  0.6616617   0.21721722  0.59500206 -0.9998205   0.5075075
  0.6756757   0.8925952  -0.9999382   0.8338338  -0.5975976   0.97820836
 -0.9999763   0.36136135 -0.07107107  0.97248435 -0.99986106  0.16116115
  0.6116116   0.7978993  -0.99988765 -0.7737738  -0.43343344  0.9892266
 -0.99997437  0.01701702 -0.04904905  0.34912235 -0.99880594  0.7637638
  0.7657658   0.9410508  -0.999964    0.7717718   0.3773774   0.8071975
 -0.99990535  0.1891892   0.7657658   0.80838656 -0.9999041   0.07707708
 -0.33933935  0.5092197  -0.9994182  -0.25125125 -0.3173173   0.24369949
 -0.99961203 -0.2032032   0.6336336   0.6178761  -0.99980676 -0.07107107
  0.04704705  0.03608608 -0.99869156  0.7697698  -0.3213213   0.88028234
 -0.99993354 -0.42542544 -0.3933934   0.2502789  -0.9996674  -0.7677678
  0.03103103  0.9193622  -0.9999417  -0.33133134 -0.6436436   0.58618224
 -0.99981225 -0.6236236   0.8618619   0.9062339  -0.99994946 -0.8338338
  0.5555556   0.86110365 -0.99992925  0.8638639   0.24324325  0.90269804
 -0.9999435   0.5815816  -0.001001    0.83241457 -0.9998894   0.11511511
 -0.7617618   0.7746513  -0.9998826  -0.25725725  0.25525525  0.1095827
 -0.9992246   0.9379379   0.997998    0.9986758  -0.9999912   0.5275275
  0.3033033   0.97615296 -0.9999509  -0.001001    0.5415415   0.4449616
 -0.99973947  0.34734735  0.3833834   0.5848032  -0.999781   -0.08708709
 -0.45945945  0.6677627  -0.99975944 -0.7337337  -0.6316316   0.80363315
 -0.9999081   0.7137137  -0.7037037   0.7272855  -0.9998836  -0.16916917
  0.11511511  0.17535883 -0.99922067  0.7497497  -0.4894895   0.94166905
 -0.9999569  -0.7137137  -0.8898899   0.8950586  -0.9999412   0.5915916
  0.7957958   0.9321184  -0.99995714  0.4214214  -0.43743744  0.52629
 -0.99977684  0.7297297   0.08908909  0.99639714 -0.9999771  -0.6956957
  0.2972973   0.86120266 -0.9999109  -0.9319319  -0.22722723  0.9988131
 -0.9999922   0.37137136  0.17117117  0.38238534 -0.99967456 -0.5635636
 -0.01101101  0.8754307  -0.99990606 -0.6376376  -0.2092092   0.9440396
 -0.99995065 -0.5315315   0.47147146  0.2964018  -0.99968445  0.5315315
 -0.9379379   0.9985617  -0.99998945  0.9339339  -0.09309309  0.99854386
 -0.99998987  0.13513513 -0.06106106  0.32758105 -0.99919224 -0.45945945
  0.22122122  0.88053656 -0.99987024 -0.3913914   0.6556557   0.9960955
 -0.999975    0.03303303  0.13513513  0.5288056  -0.9996432   0.5915916
 -0.6376376   0.6636512  -0.9998536   0.36536536 -0.21921922  0.43978068
 -0.9996783  -0.983984    0.07107107  0.9726652  -0.9999735  -1.
 -1.         -1.         -1.        ]",80,0.012090898,0.96885556
17,-0.2440436539105594,"[ 0.01701702 -0.04904905  0.7467997   0.01701702 -0.04904905  0.67653024
  0.01701702 -0.04904905  0.7123463  -0.5895896   0.6036036   0.26895013
 -0.9997021   0.15715715 -0.6176176   0.28303033 -0.9996977   0.24524525
  0.09309309  0.1780318  -0.9992352  -0.8138138  -0.17917918  0.93374926
 -0.99995697  0.35335335  0.9079079   0.9465262  -0.9999634   0.5495495
 -0.33733734  0.603551   -0.9998134  -0.4134134  -0.7937938   0.78510904
 -0.9999028  -0.26726726 -0.05505506  0.4156463  -0.99967164  0.4774775
  0.5475475   0.7226921  -0.9998703  -0.34534535  0.8038038   0.93739915
 -0.99995095  0.01301301  0.34134135  0.33498693 -0.99965024  0.8058058
 -0.07107107  0.9385372  -0.99995494 -0.5595596  -0.7057057   0.6535062
 -0.9998517   0.8598599   0.5075075   0.79898655 -0.999911    0.4994995
 -0.5115115   0.5840178  -0.99982166 -0.03703704 -0.14314315 -0.18047449
 -0.9993612   0.8738739  -0.8058058   0.9854517  -0.9999832  -0.8638639
  0.7957958   0.82495856 -0.99992335 -0.3993994   0.4034034   0.1772366
 -0.9996236  -0.6136136   0.15115115  0.69929224 -0.9998539   0.3993994
 -0.7597598   0.7515096  -0.999892   -0.14314315  0.8118118   0.9833824
 -0.99997324 -0.01701702 -0.7157157   0.9419402  -0.99995244 -0.4214214
  0.04904905  0.42084235 -0.99970007 -0.46946946 -0.5535536   0.13204607
 -0.9996539  -0.8498498  -0.7857858   0.9587163  -0.9999726  -0.04704705
 -0.9179179   0.96701646 -0.9999671  -0.6676677   0.7457457   0.52393955
 -0.99980694  0.6616617   0.21721722  0.568892   -0.9998205   0.5075075
  0.6756757   0.88407063 -0.9999382   0.8338338  -0.5975976   0.9743407
 -0.9999763   0.36136135 -0.07107107  0.95557773 -0.99986106  0.16116115
  0.6116116   0.7819193  -0.99988765 -0.7737738  -0.43343344  0.98575914
 -0.99997437  0.01701702 -0.04904905  0.1814065  -0.99880594  0.7637638
  0.7657658   0.93577754 -0.999964    0.7717718   0.3773774   0.79370016
 -0.99990535  0.1891892   0.7657658   0.7954386  -0.9999041   0.07707708
 -0.33933935  0.42037103 -0.9994182  -0.25125125 -0.3173173   0.1882163
 -0.99961203 -0.2032032   0.6336336   0.59028876 -0.99980676 -0.07107107
  0.04704705 -0.1525499  -0.99869156  0.7697698  -0.3213213   0.86972165
 -0.99993354 -0.42542544 -0.3933934   0.20293108 -0.9996674  -0.7677678
  0.03103103  0.9108818  -0.9999417  -0.33133134 -0.6436436   0.5594913
 -0.99981225 -0.6236236   0.8618619   0.899428   -0.99994946 -0.8338338
  0.5555556   0.8509813  -0.99992925  0.8638639   0.24324325  0.894448
 -0.9999435   0.5815816  -0.001001    0.8185862  -0.9998894   0.11511511
 -0.7617618   0.75688803 -0.9998826  -0.25725725  0.25525525 -0.00142515
 -0.9992246   0.9379379   0.997998    0.99736804 -0.9999912   0.5275275
  0.3033033   0.96960783 -0.9999509  -0.001001    0.5415415   0.4083556
 -0.99973947  0.34734735  0.3833834   0.55392694 -0.999781   -0.08708709
 -0.45945945  0.6314349  -0.99975944 -0.7337337  -0.6316316   0.79043686
 -0.9999081   0.7137137  -0.7037037   0.71018726 -0.9998836  -0.16916917
  0.11511511  0.06368783 -0.99922067  0.7497497  -0.4894895   0.93491787
 -0.9999569  -0.7137137  -0.8898899   0.88755345 -0.9999412   0.5915916
  0.7957958   0.9261805  -0.99995714  0.4214214  -0.43743744  0.49375406
 -0.99977684  0.7297297   0.08908909  0.9928073  -0.9999771  -0.6956957
  0.2972973   0.8487759  -0.9999109  -0.9319319  -0.22722723  0.99750745
 -0.9999922   0.37137136  0.17117117  0.3341368  -0.99967456 -0.5635636
 -0.01101101  0.861329   -0.99990606 -0.6376376  -0.2092092   0.9359667
 -0.99995065 -0.5315315   0.47147146  0.25200108 -0.99968445  0.5315315
 -0.9379379   0.9972498  -0.99998945  0.9339339  -0.09309309  0.9969937
 -0.99998987  0.13513513 -0.06106106  0.22150053 -0.99919224 -0.45945945
  0.22122122  0.8623578  -0.99987024 -0.3913914   0.6556557   0.99218166
 -0.999975    0.03303303  0.13513513  0.4794382  -0.9996432   0.5915916
 -0.6376376   0.6423844  -0.9998536   0.36536536 -0.21921922  0.39199597
 -0.9996783  -0.983984    0.07107107  0.96854395 -0.9999735  -1.
 -1.         -1.         -1.        ]",80,0.012145722,0.96694386
